{"cameraMode":{"drawMode":0,"name":"Shaded","section":"Shading Mode"},"sceneLighting":false,"audioPlay":false,"sceneViewState":{"showFog":false,"showMaterialUpdate":false,"showSkybox":false,"showFlares":false,"showImageEffects":false,"showParticleSystems":false},"in2DMode":false,"pivot":{"x":20.85983657836914,"y":-14.310554504394532,"z":110.95895385742188},"rotation":{"x":0.4947068989276886,"y":0.030655337497591974,"z":-0.019957177340984346,"w":0.8692219853401184},"size":62.544822692871097,"orthographic":false}