{"cameraMode":{"drawMode":0,"name":"Shaded","section":"Shading Mode"},"sceneLighting":false,"audioPlay":false,"sceneViewState":{"showFog":false,"showMaterialUpdate":false,"showSkybox":false,"showFlares":false,"showImageEffects":false,"showParticleSystems":false},"in2DMode":false,"pivot":{"x":11.878122329711914,"y":-2.885645866394043,"z":130.9921112060547},"rotation":{"x":0.1878741830587387,"y":0.2985375225543976,"z":-0.0586867481470108,"w":0.934515655040741},"size":8.566793441772461,"orthographic":false}