{"cameraMode":{"drawMode":0,"name":"Shaded","section":"Shading Mode"},"sceneLighting":false,"audioPlay":false,"sceneViewState":{"showFog":false,"showMaterialUpdate":false,"showSkybox":false,"showFlares":false,"showImageEffects":false,"showParticleSystems":false},"in2DMode":false,"pivot":{"x":49.94089126586914,"y":-0.22143793106079102,"z":-86.11212158203125},"rotation":{"x":-0.2552756071090698,"y":0.03537539392709732,"z":-0.0093464907258749,"w":-0.9661762714385986},"size":4.22474479675293,"orthographic":false}