{"cameraMode":{"drawMode":0,"name":"Shaded","section":"Shading Mode"},"sceneLighting":false,"audioPlay":false,"sceneViewState":{"showFog":false,"showMaterialUpdate":false,"showSkybox":false,"showFlares":false,"showImageEffects":false,"showParticleSystems":false},"in2DMode":false,"pivot":{"x":-0.01395416259765625,"y":0.023110628128051759,"z":0.0003161430358886719},"rotation":{"x":-0.3095553517341614,"y":-0.04073728993535042,"z":0.013492767699062825,"w":-0.9500316977500916},"size":3.149783134460449,"orthographic":false}