{"cameraMode":{"drawMode":0,"name":"Shaded","section":"Shading Mode"},"sceneLighting":false,"audioPlay":false,"sceneViewState":{"showFog":false,"showMaterialUpdate":false,"showSkybox":false,"showFlares":false,"showImageEffects":false,"showParticleSystems":false},"in2DMode":false,"pivot":{"x":49.67744064331055,"y":-2.515324592590332,"z":-6.5619730949401859},"rotation":{"x":-0.19471460580825807,"y":-0.2024110108613968,"z":0.03910943120718002,"w":-0.9595304727554321},"size":6.324746131896973,"orthographic":false}