{"cameraMode":{"drawMode":0,"name":"Shaded","section":"Shading Mode"},"sceneLighting":false,"audioPlay":false,"sceneViewState":{"showFog":false,"showMaterialUpdate":false,"showSkybox":false,"showFlares":false,"showImageEffects":false,"showParticleSystems":false},"in2DMode":false,"pivot":{"x":0.00003337860107421875,"y":0.23303234577178956,"z":-0.018674373626708986},"rotation":{"x":-0.3095553517341614,"y":-0.04073728993535042,"z":0.013492767699062825,"w":-0.9500316977500916},"size":5.633640289306641,"orthographic":false}