{"cameraMode":{"drawMode":0,"name":"Shaded","section":"Shading Mode"},"sceneLighting":false,"audioPlay":false,"sceneViewState":{"showFog":false,"showMaterialUpdate":false,"showSkybox":false,"showFlares":false,"showImageEffects":false,"showParticleSystems":false},"in2DMode":false,"pivot":{"x":-26.43265151977539,"y":0.24737083911895753,"z":-4.725653648376465},"rotation":{"x":-0.202619269490242,"y":0.05451933294534683,"z":-0.008312615565955639,"w":-0.978626549243927},"size":9.044836044311524,"orthographic":false}