{"cameraMode":{"drawMode":0,"name":"Shaded","section":"Shading Mode"},"sceneLighting":false,"audioPlay":false,"sceneViewState":{"showFog":false,"showMaterialUpdate":false,"showSkybox":false,"showFlares":false,"showImageEffects":false,"showParticleSystems":false},"in2DMode":false,"pivot":{"x":52.618675231933597,"y":-11.712028503417969,"z":-64.37884521484375},"rotation":{"x":0.44985297322273257,"y":0.08555159717798233,"z":-0.04326576739549637,"w":0.8880112767219544},"size":18.604557037353517,"orthographic":false}