{"cameraMode":{"drawMode":0,"name":"Shaded","section":"Shading Mode"},"sceneLighting":false,"audioPlay":false,"sceneViewState":{"showFog":false,"showMaterialUpdate":false,"showSkybox":false,"showFlares":false,"showImageEffects":false,"showParticleSystems":false},"in2DMode":false,"pivot":{"x":0.05108022689819336,"y":3.9458653926849367,"z":-0.5459511280059815},"rotation":{"x":-0.34077727794647219,"y":-0.055673763155937198,"z":0.020671969279646875,"w":-0.9385523796081543},"size":5.740538120269775,"orthographic":false}