{"cameraMode":{"drawMode":0,"name":"Shaded","section":"Shading Mode"},"sceneLighting":false,"audioPlay":false,"sceneViewState":{"showFog":false,"showMaterialUpdate":false,"showSkybox":false,"showFlares":false,"showImageEffects":false,"showParticleSystems":false},"in2DMode":false,"pivot":{"x":-0.01395416259765625,"y":0.023110628128051759,"z":0.0003161430358886719},"rotation":{"x":-0.402168333530426,"y":-0.07889489084482193,"z":0.03503474220633507,"w":-0.9116125106811523},"size":3.149783134460449,"orthographic":false}