{"cameraMode":{"drawMode":0,"name":"Shaded","section":"Shading Mode"},"sceneLighting":false,"audioPlay":false,"sceneViewState":{"showFog":false,"showMaterialUpdate":false,"showSkybox":false,"showFlares":false,"showImageEffects":false,"showParticleSystems":false},"in2DMode":false,"pivot":{"x":56.02616882324219,"y":-34.180511474609378,"z":-49.62090301513672},"rotation":{"x":-0.35181134939193728,"y":-0.06115926057100296,"z":0.023042315617203714,"w":-0.9337915182113648},"size":29.772109985351564,"orthographic":false}