{"cameraMode":{"drawMode":0,"name":"Shaded","section":"Shading Mode"},"sceneLighting":false,"audioPlay":false,"sceneViewState":{"showFog":false,"showMaterialUpdate":false,"showSkybox":false,"showFlares":false,"showImageEffects":false,"showParticleSystems":false},"in2DMode":false,"pivot":{"x":-17.489999771118165,"y":-2.772592544555664,"z":-15.359999656677246},"rotation":{"x":-0.44190818071365359,"y":0.095820352435112,"z":-0.04735072702169418,"w":-0.8907806873321533},"size":4.4340500831604,"orthographic":false}