{"cameraMode":{"drawMode":0,"name":"Shaded","section":"Shading Mode"},"sceneLighting":false,"audioPlay":false,"sceneViewState":{"showFog":false,"showMaterialUpdate":false,"showSkybox":false,"showFlares":false,"showImageEffects":false,"showParticleSystems":false},"in2DMode":false,"pivot":{"x":50.076377868652347,"y":-2.919999837875366,"z":-87.6500015258789},"rotation":{"x":-0.28677451610565188,"y":-0.0525638684630394,"z":0.015760665759444238,"w":-0.956426739692688},"size":4.22474479675293,"orthographic":false}