{"cameraMode":{"drawMode":0,"name":"Shaded","section":"Shading Mode"},"sceneLighting":false,"audioPlay":false,"sceneViewState":{"showFog":false,"showMaterialUpdate":false,"showSkybox":false,"showFlares":false,"showImageEffects":false,"showParticleSystems":false},"in2DMode":false,"pivot":{"x":0.7029242515563965,"y":3.4666924476623537,"z":0.41191720962524416},"rotation":{"x":-0.13985449075698853,"y":-0.1164335384964943,"z":0.01697702147066593,"w":-0.9834297299385071},"size":7.425358772277832,"orthographic":false}